{
    "mongo": [
        0.15778467000018281,
        0.052795533000789874,
        0.047474022000642435,
        0.051299894000294444,
        0.043820914999741944,
        0.048075219000565994,
        0.05217522699967958,
        0.050936233999891556,
        0.04945653899994795,
        0.05101583899977413
    ],
    "cassandra": [
        0.1466845459999604,
        0.04944216100011545,
        0.04580028200052766,
        0.04569893799998681,
        0.047830641000473406,
        0.04844097800014424,
        0.07044060600037483,
        0.04794328699972539,
        0.045060905999889656,
        0.04395849599950452
    ],
    "neo4j": [
        0.017173860000184504,
        0.009610579999389302,
        0.008283225000013772,
        0.00881048299925169,
        0.008895689999917522,
        0.011938292999730038,
        0.010212084999693616,
        0.010244348000014725,
        0.007960847000504145,
        0.010065729999951145
    ],
    "redis": [
        0.11642517400014185,
        0.11991280600068421,
        0.11554657499982568,
        0.1178336209995905,
        0.11838687899944489,
        0.11386490099994262,
        0.11431351899955189,
        0.11843912799940881,
        0.11275935000048776,
        0.11596301200006565
    ]
}