{
    "mongo": [
        0.33080025500021293,
        0.16305890600006023,
        0.1642725970000356,
        0.1619007569997848,
        0.16288105499961603,
        0.1629253119999703,
        0.16381246700029806,
        0.1687898409995796,
        0.1651342879999902,
        0.1684663549999641
    ],
    "cassandra": [
        1.9605134080002244,
        1.858816153999669,
        1.8088030799999615,
        1.803951545000018,
        1.8196122949998426,
        1.8239412099997026,
        1.8505279569999402,
        1.8442413200000374,
        1.8233754089997092,
        1.805469396999797
    ],
    "neo4j": [
        0.2137359129997094,
        0.21685463600033472,
        0.20533726900021065,
        0.20872328099994775,
        0.21858559300017077,
        0.20078334999971048,
        0.21950390199981484,
        0.2038866169996254,
        0.20730931900016003,
        0.1965778010003305
    ],
    "redis": [
        0.436138961999859,
        0.4335162259999379,
        0.4359017639999365,
        0.4293882370002393,
        0.4299736750003831,
        0.4409262230001332,
        0.41991524700006266,
        0.4284403569999995,
        0.422463443000197,
        0.4362043440000889
    ]
}