{
    "mongo": [
        0.08018095799980074,
        0.04868120099945372,
        0.03946444200028054,
        0.05086660699998902,
        0.04605738300051598,
        0.0487975110008847,
        0.04716091399950528,
        0.04974033799953759,
        0.0442059649994917,
        0.045795916999850306
    ],
    "cassandra": [
        0.0852429509996,
        0.06463361900023301,
        0.06378891199983627,
        0.06431098499979271,
        0.06558003299960546,
        0.06677654800023447,
        0.05682644700027595,
        0.0611704409993763,
        0.05701814999974886,
        0.05960133400003542
    ],
    "neo4j": [
        0.1432784360004007,
        0.015460794999853533,
        0.013631039000756573,
        0.019342513000083272,
        0.019251532000453153,
        0.015412349000143877,
        0.01244046600004367,
        0.02225594900028227,
        0.0169734029996107,
        0.01303402899975481
    ],
    "redis": [
        0.028251744999579387,
        0.03017885400004161,
        0.027335585999935574,
        0.024587824000263936,
        0.022542972000337613,
        0.028830670999923314,
        0.031474899999921035,
        0.02364139199926285,
        0.030257184999754827,
        0.027095500000541506
    ]
}