{
    "mongo": [
        0.16024611100056063,
        0.045458136999513954,
        0.04892745699999068,
        0.039611155999409675,
        0.04720707900014531,
        0.04750960699948337,
        0.04890681899996707,
        0.04160483200030285,
        0.04381249400012166,
        0.04326402800052165
    ],
    "cassandra": [
        0.16928047399960633,
        0.07029735499963863,
        0.07131152100009785,
        0.06776688999980252,
        0.07150790099967708,
        0.09400698199988256,
        0.07237725499999215,
        0.07163884400051757,
        0.06905281800027296,
        0.0747582930007411
    ],
    "neo4j": [
        0.13225709899961657,
        0.010920468000222172,
        0.010499596999579808,
        0.013052450000031968,
        0.009701769999992393,
        0.007148828000026697,
        0.009822832999816455,
        0.009085412000786164,
        0.008438303999355412,
        0.007459090999873297
    ],
    "redis": [
        0.22608428100011224,
        0.22459048199925746,
        0.23441930600074556,
        0.23592397100037488,
        0.23230554000019765,
        0.23924502600038977,
        0.23572590399999171,
        0.2378412970001591,
        0.23646679600005882,
        0.23959954499969172
    ]
}