{
    "mongo": [
        0.19060035399979824,
        0.04453883199948905,
        0.042222314000355254,
        0.03991837499961548,
        0.041943920000449,
        0.04514562899930752,
        0.04385755800012703,
        0.04776827800014871,
        0.04499361699981819,
        0.04192698799943173
    ],
    "cassandra": [
        0.175640143000237,
        0.06473146400003316,
        0.06385363499975938,
        0.061883061999651545,
        0.0675102989998777,
        0.066489062999608,
        0.09296597399952589,
        0.06746019400088699,
        0.0685500259996843,
        0.06912220300000627
    ],
    "neo4j": [
        0.09801435200006381,
        0.00870496599964099,
        0.02351681300024211,
        0.006665359999715292,
        0.00811976400018466,
        0.011455409000518557,
        0.009145534000708722,
        0.009259249000024283,
        0.008500178999383934,
        0.00899971299986646
    ],
    "redis": [
        0.22219529999983934,
        0.22404858500067348,
        0.2187593119997473,
        0.21550220100016304,
        0.23018840899931092,
        0.23104757300006895,
        0.2201138330001413,
        0.22729771200010873,
        0.2251557170002343,
        0.21895882199987682
    ]
}